{"NUM_DEATHS": -0.30217788760492076, "NEUTRAL_MINIONS_KILLED_YOUR_JUNGLE": -0.07773205668574015, "CHAMPIONS_KILLED": -0.022078039509821172, "WARD_PLACED": -0.013674378389048074, "WARD_KILLED": -0.013527126970919706, "VISION_SCORE": -0.013409411909742562, "level": -0.0110816607128045, "participantID": -0.006605226051201248, "MINIONS_KILLED": -0.006535929457160811, "TOTAL_TIME_CROWD_CONTROL_DEALT_TO_CHAMPIONS": -0.0018623828238122297, "TOTAL_DAMAGE_SHIELDED_ON_TEAMMATES": -0.00019895780241472542, "TOTAL_HEAL_ON_TEAMMATES": -0.00011346991717470936, "TOTAL_DAMAGE_TAKEN": -7.283206793517909e-05, "TOTAL_DAMAGE_DEALT_TO_CHAMPIONS": -3.717894021777029e-05, "TOTAL_DAMAGE_DEALT": -1.2735381052771652e-05, "TOTAL_DAMAGE_SELF_MITIGATED": 2.373167122245739e-05, "TOTAL_DAMAGE_DEALT_TO_OBJECTIVES": 5.71183761824097e-05, "TOTAL_DAMAGE_DEALT_TO_BUILDINGS": 0.0001557543715457582, "TOTAL_DAMAGE_DEALT_TO_TURRETS": 0.0001557543715457582, "totalGold": 0.0002676811911277694, "shutdownValue": 0.011984738464099188, "NEUTRAL_MINIONS_KILLED_ENEMY_JUNGLE": 0.01688466997777821, "NEUTRAL_MINIONS_KILLED": 0.048344643762130234, "ASSISTS": 0.45300663359040183}