{"NUM_DEATHS": -0.23033802588841715, "NEUTRAL_MINIONS_KILLED_YOUR_JUNGLE": -0.10583681023894706, "WARD_PLACED": -0.08665402693705711, "MINIONS_KILLED": -0.019474027611468457, "VISION_SCORE": -0.008883412171821333, "TOTAL_TIME_CROWD_CONTROL_DEALT_TO_CHAMPIONS": -0.00032394587261518136, "TOTAL_HEAL_ON_TEAMMATES": -0.0001577396076839864, "TOTAL_DAMAGE_TAKEN": -5.933264470342893e-05, "TOTAL_DAMAGE_DEALT_TO_CHAMPIONS": -5.334619600677448e-05, "TOTAL_DAMAGE_DEALT_TO_OBJECTIVES": -2.4482621594067302e-05, "TOTAL_DAMAGE_SELF_MITIGATED": -2.1137320356477983e-05, "TOTAL_DAMAGE_DEALT": 2.70442906395211e-07, "TOTAL_DAMAGE_DEALT_TO_BUILDINGS": 4.683705919616848e-05, "TOTAL_DAMAGE_DEALT_TO_TURRETS": 4.683705919616848e-05, "TOTAL_DAMAGE_SHIELDED_ON_TEAMMATES": 8.08778395291681e-05, "totalGold": 0.00046197150182846966, "WARD_KILLED": 0.003105886572222321, "shutdownValue": 0.014145298291302812, "level": 0.0213256143515893, "CHAMPIONS_KILLED": 0.02325913769523936, "NEUTRAL_MINIONS_KILLED": 0.04811339721106692, "NEUTRAL_MINIONS_KILLED_ENEMY_JUNGLE": 0.05271773031908075, "ASSISTS": 0.38486985454617084}