{"NUM_DEATHS": -0.43384404738682436, "level": -0.08040294559213494, "NEUTRAL_MINIONS_KILLED_YOUR_JUNGLE": -0.0503445846142964, "NEUTRAL_MINIONS_KILLED_ENEMY_JUNGLE": -0.01683634526133062, "VISION_SCORE": -0.010694114079318244, "WARD_PLACED": -0.010085512301725942, "WARD_KILLED": -0.0076681302786893975, "MINIONS_KILLED": -0.004807229316573415, "TOTAL_TIME_CROWD_CONTROL_DEALT_TO_CHAMPIONS": -0.0011627774576221405, "TOTAL_DAMAGE_SHIELDED_ON_TEAMMATES": -0.00012550504993634375, "TOTAL_HEAL_ON_TEAMMATES": -0.00011572399742367422, "TOTAL_DAMAGE_TAKEN": -2.648155343103148e-05, "TOTAL_DAMAGE_DEALT_TO_CHAMPIONS": -1.8474027895757305e-05, "TOTAL_DAMAGE_DEALT": -1.0285883400269345e-05, "TOTAL_DAMAGE_SELF_MITIGATED": 9.915924709122861e-06, "TOTAL_DAMAGE_DEALT_TO_OBJECTIVES": 3.1767635415644955e-05, "TOTAL_DAMAGE_DEALT_TO_BUILDINGS": 0.00010499816239178738, "TOTAL_DAMAGE_DEALT_TO_TURRETS": 0.00010499816239178738, "totalGold": 0.00026289494245683215, "CHAMPIONS_KILLED": 0.003728241931012637, "shutdownValue": 0.007092433963365217, "NEUTRAL_MINIONS_KILLED": 0.03322183825491843, "ASSISTS": 0.3393007542227357}