{"NUM_DEATHS": -0.434972821860247, "level": -0.08870850627701635, "NEUTRAL_MINIONS_KILLED_YOUR_JUNGLE": -0.04994570711393022, "WARD_KILLED": -0.017570334221635363, "WARD_PLACED": -0.011157469994336073, "VISION_SCORE": -0.007920402708408781, "MINIONS_KILLED": -0.0036669235826976374, "TOTAL_TIME_CROWD_CONTROL_DEALT_TO_CHAMPIONS": -0.0010513452661157744, "TOTAL_HEAL_ON_TEAMMATES": -0.00012190608970627807, "TOTAL_DAMAGE_SHIELDED_ON_TEAMMATES": -0.00011863853153203304, "TOTAL_DAMAGE_TAKEN": -2.512116316876911e-05, "TOTAL_DAMAGE_DEALT_TO_CHAMPIONS": -2.3972649023124147e-05, "TOTAL_DAMAGE_DEALT": -1.1296765991231924e-05, "TOTAL_DAMAGE_SELF_MITIGATED": 1.0930633932158329e-05, "TOTAL_DAMAGE_DEALT_TO_OBJECTIVES": 3.271163839049558e-05, "TOTAL_DAMAGE_DEALT_TO_BUILDINGS": 0.00010667070413003047, "TOTAL_DAMAGE_DEALT_TO_TURRETS": 0.00010667070413003047, "totalGold": 0.0002680192748890827, "CHAMPIONS_KILLED": 0.00044369420436462625, "shutdownValue": 0.007112164906171199, "NEUTRAL_MINIONS_KILLED_ENEMY_JUNGLE": 0.011707853129745273, "NEUTRAL_MINIONS_KILLED": 0.032482231409809895, "ASSISTS": 0.3324346071706288}